Charlotte061,Mon Sep 28 16:58:44 2026 +1000,Refine Prototype 2 controls and styling,Updated the playback controls with icons, removed the status message, and refined the footer link styling.

Charlotte061,Sun Sep 27 17:29:07 2026 +1000,Improve Prototype 2 controls and audio playback,Replaced external audio links with local MP3 files for more stable playback. Updated the Now Playing section so it only changes when the soundtrack starts, changed the Start, Pause and Reset controls to icon buttons, and added clearer code comments to explain the audio layers and interactions.

Charlotte061,Fri Sep 25 20:27:45 2026 +1000,fix sound problem,
Charlotte061,Wed Sep 23 14:10:41 2026 +1000,update link address,
Charlotte061,Sun Sep 20 19:10:28 2026 +1000,Add audio files and icons,
Charlotte061,Wed Sep 9 21:02:23 2026 +1000,copy prototype2,copied prototype2 to new branch and updated assignment link

Charlotte061,Wed Sep 9 20:36:47 2026 +1000,copy prototype1 to new repository,I updated the assignment2link as an external link in this html
Charlotte061,Wed Sep 9 14:52:20 2026 +1000,update,
Charlotte061,Wed Sep 9 14:47:33 2026 +1000,fix pause button problem,
Charlotte061,Wed Sep 9 14:25:03 2026 +1000,change code layout,
Charlotte061,Sun Sep 6 21:32:04 2026 +1000,update prototype3 and random technique,
Charlotte061,Sun Sep 6 18:33:02 2026 +1000,update protoype1 and audio,add intensity function to control volume

Charlotte061,Sun Sep 6 16:48:32 2026 +1000,1,
Charlotte061,Sun Sep 6 16:38:11 2026 +1000,build Assignment2 and prototype1structure,
Charlotte061,Mon Aug 10 23:59:35 2026 +1000,Update style.css,
Charlotte061,Mon Aug 10 23:37:26 2026 +1000,Update assignment1.html,
Charlotte061,Mon Aug 10 23:20:51 2026 +1000,Update style.css,
Charlotte061,Mon Aug 10 23:16:24 2026 +1000,fix link color,
Charlotte061,Mon Aug 10 23:12:03 2026 +1000,refined navigation,                                                                                 
Charlotte061,Mon Aug 10 20:20:05 2026 +1000,updated font size and colors, picture formats,
Charlotte061,Mon Aug 10 19:55:58 2026 +1000,updated format and link styling,
Charlotte061,Mon Aug 10 01:50:00 2026 +1000,updated format and buttons,
Charlotte061,Sun Aug 9 01:49:12 2026 +1000,updated content, fonts, and colors,
Charlotte061,Fri Aug 7 00:43:32 2026 +1000,update title font,
Charlotte061,Thu Aug 6 23:56:48 2026 +1000,fix,
Charlotte061,Thu Aug 6 23:49:09 2026 +1000,A,
Charlotte061,Thu Aug 6 23:40:51 2026 +1000,update assignment link,
Charlotte061,Thu Aug 6 23:36:38 2026 +1000,Update index.html,
Charlotte061,Thu Aug 6 23:32:23 2026 +1000,Delete favicon.png,
Charlotte061,Thu Aug 6 23:32:17 2026 +1000,fix icon,
Charlotte061,Thu Aug 6 23:22:09 2026 +1000,update name and miro link,